0,0.20963023225754757,0.8651227109306083,-3.1385906140712905e-7,0.4486461256915174,0.7670135302845331,-0.023571129888296127,0.6613444728806643,0.5572352610598396,-0.031967006623744965,0.8163748277539684,0.3777268102156354,-0.03816906735301018,0.9545454545454546,0.2889532943030066,-0.037278346717357635,0.5443193634913985,0.28747937319989525,-0.00874226726591587,0.5184865525895739,0.13487728906939161,-0.033814430236816406,0.5070814206889871,0.3461837766505017,-0.04450308531522751,0.5168321485245836,0.4182605408883065,-0.048098962754011154,0.37120112837818486,0.28350133757158896,-0.005142266862094402,0.3448429515356507,0.1379794352046498,-0.029030922800302505,0.3719505782214234,0.392897282721661,-0.02830514870584011,0.394109028736889,0.4335224322391825,-0.022103089839220047,0.21407386529390734,0.3076820375747335,-0.0066103083081543446,0.19175116866526934,0.15375528053100695,-0.03219793364405632,0.23777775599868298,0.3951936271449231,-0.01702267862856388,0.2689248028350997,0.45805800357642834,-0.00026649481151252985,0.06669240512429159,0.3529494637364405,-0.010169070214033127,0.045454545454545456,0.24849436086703133,-0.024230925366282463,0.09977543838014032,0.41362013417503846,-0.011455669067800045,0.13502617558539887,0.4780248488855729,0.002851545810699463
8,0.5380688418213223,0.9545454545454545,4.314940724725602e-7,0.6333733804982034,0.855976278910558,-0.036405645310878754,0.6592706914456253,0.693479729559677,-0.04871899634599686,0.5152413003354686,0.5823157410200989,-0.05673491954803467,0.38937858743949627,0.5408774164714688,-0.06292499601840973,0.6576744658508222,0.4854712359428164,-0.01692250184714794,0.6576619571256106,0.2970879399044277,-0.03130663186311722,0.6464438757665244,0.18426156884636077,-0.04671501740813255,0.6310155659799341,0.08164028790009786,-0.059495959430933,0.5501564399508934,0.46695721007461627,-0.012758676894009113,0.5608258212675201,0.26975666097285134,-0.022589316591620445,0.5624763315223765,0.15126248428659056,-0.0372295081615448,0.5648135387177008,0.04545454545454551,-0.04925339296460152,0.45832427528229813,0.4916047359982126,-0.013604802079498768,0.4503963093904325,0.30983790911221604,-0.0240922998636961,0.4529087991069925,0.1992404665968596,-0.03725177422165871,0.4527343986112525,0.10964676737164704,-0.04742753878235817,0.3729073626883807,0.5506338613079816,-0.018570221960544586,0.35497951292319,0.41147227870142183,-0.02818932756781578,0.3466395609406981,0.32484089217255757,-0.033956341445446014,0.3407293085543746,0.2452045742170962,-0.038899488747119904
29,0.4121285416985546,0.9545454545454545,3.516593949370872e-7,0.2525238590568248,0.8109910593370259,-0.005878151394426823,0.1980395047597534,0.6439083197983395,-0.01248899009078741,0.2322178714096568,0.48618343400488373,-0.017784323543310165,0.2679327053903096,0.3631115341518375,-0.022025028243660927,0.38822552569561947,0.47129974676332564,-0.014675951562821865,0.4768039163202483,0.2710574424518963,-0.025066791102290154,0.5359629896813947,0.16186989708103425,-0.03159436956048012,0.5888160562561188,0.07711243734987339,-0.03494697064161301,0.5112593683150026,0.4938328611396152,-0.0189166571944952,0.5943718591836931,0.2700921307081335,-0.025133399292826653,0.6467630348966664,0.14172479984659753,-0.028641419485211372,0.6932409257908381,0.04545454545454551,-0.030972696840763092,0.6081485982581704,0.5440330363238742,-0.023401591926813126,0.6747654552281388,0.3399969277824331,-0.028286175802350044,0.723136967529623,0.21557949215207317,-0.030617453157901764,0.7614053957901361,0.12038707700934864,-0.032593488693237305,0.6843173189113853,0.6150504773450437,-0.028374984860420227,0.7400920336801149,0.45904706416129826,-0.03148335590958595,0.7733308015489727,0.3649985019458892,-0.029751550406217575,0.8019604952402465,0.2853556270928082,-0.02744247391819954
30,0.582690208799841,0.04545454545454551,2.0031384906360472e-7,0.6722807630667839,0.23713521080219532,0.0026072924956679344,0.6422168682767166,0.4059891196259551,-0.007385637611150742,0.5526432619589704,0.5210311110152468,-0.013848070986568928,0.4775733250179345,0.5848653809397681,-0.01982353813946247,0.6517171978268529,0.4440221098085736,-0.06785047799348831,0.6813134577343477,0.6874813377872031,-0.09585096687078476,0.7151018852459675,0.8394965504411024,-0.1075381338596344,0.7584632534265565,0.9545454545454545,-0.11175849288702011,0.5382544530910336,0.3813874896244609,-0.0761694610118866,0.5117681820221369,0.6351551570981252,-0.1126512661576271,0.4954848173357126,0.7940981753145367,-0.12360797077417374,0.49416841951872903,0.9039978747783759,-0.12701672315597534,0.42730281610750886,0.3246668101273417,-0.07892893254756927,0.32634179437031097,0.5641581396613278,-0.11743975430727005,0.2757403586793636,0.7087167466411698,-0.12774719297885895,0.24153674657344334,0.8008698348427445,-0.12628629803657532,0.33018600692268346,0.2765290118665316,-0.07685933262109756,0.2709324423617724,0.4924909954939738,-0.08822184801101685,0.31158760056922025,0.5132151345203394,-0.07474914193153381,0.34491016028301813,0.47959656803034784,-0.0623721107840538
13,0.46841056247112456,0.9545454545454545,2.0909325826323766e-7,0.5955752102144721,0.8516998319867624,-0.028318366035819054,0.6503140962225942,0.6945728186879843,-0.039350368082523346,0.6117107933879189,0.5421386553232106,-0.050990428775548935,0.5008806753271114,0.4547141957556961,-0.05733165889978409,0.612312453385029,0.5234157870970093,0.00024872220819815993,0.6264906806987847,0.36549719546009973,-0.027580004185438156,0.6145031526656526,0.45041722690649594,-0.05051266402006149,0.5994078922438628,0.518875793035777,-0.06115376576781273,0.5238729274681669,0.4918518306533592,0.0007200389518402517,0.5375515416800312,0.2744338377716541,-0.019229993224143982,0.5513613707147308,0.16345192597549477,-0.03915491700172424,0.5583014583212652,0.04545454545454551,-0.05316208302974701,0.43355219277435497,0.5137632558407522,-0.004878077190369368,0.44753751959202465,0.36425964195979743,-0.03387780115008354,0.47531608976006295,0.47710914368435037,-0.04134828597307205,0.47992257975151625,0.5712084782084306,-0.038525138050317764,0.34968590377740577,0.5732268559054848,-0.012964772991836071,0.3809259797979103,0.4371963888163125,-0.02951277233660221,0.4196845998045717,0.5075793488002489,-0.023519009351730347,0.4306706139533236,0.5928188793529322,-0.01541874185204506
7,0.045454545454545456,0.6897491039285574,6.056005190657743e-7,0.10936734745990963,0.501845168338296,-0.012916683219373226,0.2290628046728538,0.3713369786305486,-0.03108496032655239,0.33749556049308616,0.27869924931887136,-0.04590115696191788,0.40314792739141697,0.18612693010223036,-0.06181236729025841,0.3909508328220216,0.47664479219799927,-0.05743231624364853,0.6363591452195917,0.4988933207308842,-0.07995828986167908,0.781216990366915,0.514698706823953,-0.0897463783621788,0.890562455444139,0.5310091812362148,-0.09350071102380753,0.41515427697233737,0.6083175875611746,-0.06109726056456566,0.6784281545659786,0.6157803749780386,-0.07799174636602402,0.8372136915885371,0.6170153109568906,-0.08331037312746048,0.9545454545454546,0.622350905851993,-0.08688592910766602,0.41942542111311365,0.723354263816446,-0.06270625442266464,0.6544661737247727,0.7143506593315528,-0.0741480216383934,0.7981360340922377,0.7046895634868195,-0.0775894969701767,0.9024662658116018,0.7015255672083388,-0.08058401942253113,0.41094833160026134,0.8138730698977696,-0.06435994803905487,0.5789705568681963,0.7991195790182395,-0.07312005013227463,0.6794789793656849,0.7932417666855226,-0.07320944219827652,0.7616469220734466,0.7902948393064986,-0.07222616672515869
23,0.3650947004242115,0.045454545454545456,5.253846779851301e-7,0.5606916594450244,0.10935856641639763,-0.024354945868253708,0.6897620648812242,0.23342518743140736,-0.04064374417066574,0.8015479253763269,0.3509865821203435,-0.05066021531820297,0.9094425643516301,0.4203685799106629,-0.0614953376352787,0.5466299243578977,0.4496333767474956,-0.056535255163908005,0.6421652905193531,0.6586381335723419,-0.07435300946235657,0.6919718265187631,0.7764739424717764,-0.08475472778081894,0.7244184063073126,0.8822634353268819,-0.09221892803907394,0.43281528927268853,0.47353135790094014,-0.050226807594299316,0.4763168792972872,0.6937896345578148,-0.06722591072320938,0.4930460589993777,0.8355629098105863,-0.07887968420982361,0.49602882139090426,0.9545454545454546,-0.08913693577051163,0.34052732972515426,0.4546558466012987,-0.043075624853372574,0.3437701552806318,0.6488595207451355,-0.06433654576539993,0.3271270289994584,0.786293784824975,-0.08480288088321686,0.30735447597874166,0.8941121667966481,-0.09929787367582321,0.2721156353520964,0.4203565282030652,-0.035418808460235596,0.2028601100137309,0.5617424837741597,-0.05985802784562111,0.14546649549788465,0.645807029358261,-0.0766645073890686,0.09055743564836999,0.7231272173655339,-0.08764410018920898
35,0.4082358886795138,0.8824594237383195,-5.061890533397673e-7,0.5708607264995897,0.7920293274367716,-0.03611960634589195,0.7123159574673225,0.6150016940256366,-0.05103631690144539,0.8377279789931337,0.46859800978612026,-0.06435554474592209,0.9545454545454545,0.3982236340291528,-0.06995709985494614,0.5987329599851284,0.39123114064461223,-0.025663383305072784,0.5077578176471185,0.317132288978308,-0.06165851280093193,0.5029138753188416,0.48106588981181186,-0.07493624836206436,0.5391078540890357,0.5733485403057123,-0.07518520951271057,0.46648733673812165,0.3906723659327081,-0.019719520583748817,0.3836603314794078,0.3313834710797394,-0.06663766503334045,0.4087945619348511,0.5197183747898535,-0.074355348944664,0.45404419075546726,0.6069795980412995,-0.06701109558343887,0.34895748657148645,0.40764980346175617,-0.020497512072324753,0.26653203572477524,0.33575423599962817,-0.06448002904653549,0.3111914649968564,0.486990622247777,-0.06402360647916794,0.37079726210632935,0.5760194324867378,-0.04966704919934273,0.23862263709684906,0.4347176252073783,-0.02423187717795372,0.17404175169688135,0.28486354196417474,-0.0461401492357254,0.10415667426279457,0.20300648284394235,-0.04979152977466583,0.04545454545454545,0.11754057626168038,-0.0453517809510231
11,0.04545454545454551,0.852974355788229,8.711932082405838e-7,0.0815527130255948,0.6508861464508904,-0.004838283639401197,0.18781519794280693,0.4425620467897845,-0.023201579228043556,0.2413510000903537,0.28282896237354305,-0.041124023497104645,0.2423687679434909,0.1464291764484961,-0.05984499305486679,0.3264872607874042,0.4720380261441796,-0.06210748106241226,0.6049527507238454,0.4332606160374537,-0.08570832014083862,0.7561912745269871,0.4053886673268073,-0.0967102199792862,0.8763815303965345,0.38580162491469827,-0.10221116989850998,0.35579371831012285,0.5893717236553652,-0.07279883325099945,0.6544009028009258,0.5237607700875562,-0.09413718432188034,0.8243846320612521,0.4798748537767426,-0.09892834722995758,0.9545454545454545,0.4507566550018286,-0.10300969332456589,0.37579526255145423,0.7242808860548638,-0.0783885046839714,0.6260500229462778,0.6898444256719223,-0.09298376739025116,0.5454016453832754,0.6938904168099018,-0.07395225763320923,0.4433586310848502,0.6989875959492353,-0.05869156867265701,0.38339661764242955,0.8535708235515038,-0.08402254432439804,0.5690751601746024,0.8064098388592863,-0.0882369801402092,0.49952000741753416,0.7979390140320345,-0.06561211496591568,0.40813157089799373,0.803053661415808,-0.047246042639017105
33,0.4698457678075605,0.9545454545454545,3.754190629479126e-7,0.6227711826006059,0.8667536771110859,-0.02412145398557186,0.7474199886487466,0.7640493258665112,-0.04023734852671623,0.8217403943363263,0.663748364732352,-0.05704483017325401,0.8366899225870513,0.5460572246025976,-0.07079259306192398,0.5816563900511759,0.5130308510593767,-0.01202929113060236,0.663228312809737,0.38564590128077025,-0.04698548838496208,0.7370890474909069,0.4200199293608373,-0.07632522284984589,0.7874858663584859,0.48686913438696156,-0.09070169180631638,0.4917582728576949,0.4711188614814539,-0.016136854887008667,0.5187720111107157,0.2763254804075552,-0.037345290184020996,0.5720598075353294,0.15191074906486754,-0.05779927968978882,0.6226735384103432,0.04545454545454551,-0.0722595751285553,0.39746000099003054,0.47848202319644906,-0.026468632742762566,0.38410605989679925,0.29336895812140723,-0.04736271873116493,0.4058592596330622,0.17673117792261736,-0.06471506506204605,0.439492868542891,0.07582357269289866,-0.0754031166434288,0.30668393075711115,0.5278507748079959,-0.039566729217767715,0.23919329694848743,0.3894953450447224,-0.05549401044845581,0.19385682911416907,0.2889995812169704,-0.06257746368646622,0.1633100774129486,0.1940857697919929,-0.06655928492546082
37,0.045454545454545456,0.5636209698940439,7.087591029630858e-7,0.1481291698478883,0.37559170360029875,0.0018099979497492313,0.3092085636668189,0.296275535558277,-0.00622509466484189,0.4533826627166014,0.3265551389888984,-0.012780620716512203,0.5417098714975851,0.3934746071710902,-0.02124202810227871,0.39936721502796574,0.34392164923056745,-0.04847903177142143,0.6445933403697434,0.40129055745807335,-0.06754965335130692,0.7866676106409511,0.4415162627651013,-0.07392226159572601,0.8909372355831058,0.4760779800653081,-0.07590485364198685,0.4133184677736721,0.46786419812216734,-0.05749509483575821,0.6797378576098619,0.5081296050957888,-0.07283655554056168,0.839344577031596,0.5379912349690189,-0.07670732587575912,0.9545454545454546,0.563552277860935,-0.07916195690631866,0.4084503285002222,0.5847965892033035,-0.06287641078233719,0.6452749999173798,0.6017108962982016,-0.07345022261142731,0.7911724971291474,0.6185284912199318,-0.07765141874551773,0.895470547550414,0.6317578782336509,-0.08090853691101074,0.3876127274641163,0.6834923709567249,-0.06684158742427826,0.5635995602302406,0.6902792990641139,-0.07382785528898239,0.6705433190192418,0.6970344037437349,-0.07378064841032028,0.755602977579976,0.703724464441723,-0.07307258248329163
38,0.5179734479809591,0.9545454545454545,6.261962539610977e-7,0.6310354764612984,0.8559996914150332,-0.03856591135263443,0.6595616813297119,0.7165137136676618,-0.05124345421791077,0.5745342285400823,0.6145262478841015,-0.0636543557047844,0.47282875946239755,0.5207637699495044,-0.07364125549793243,0.6308458374067123,0.47973005999614204,-0.003748116781935096,0.5922178838744876,0.31093253893518447,-0.02111308090388775,0.5450610966378913,0.19599294766523853,-0.03694182634353638,0.49516871754739195,0.09045920545011009,-0.04884369298815727,0.5378568268258005,0.4636925884081494,-0.0021649389527738094,0.5613021672364454,0.26140795852446164,-0.02297956310212612,0.5654926532062178,0.14556073232127406,-0.039705194532871246,0.5651212083388752,0.045454545454545504,-0.04869825020432472,0.4469228858895331,0.4994404547505736,-0.007520474027842283,0.41528927128835835,0.3488231186405127,-0.04957089200615883,0.42381609073054516,0.47629364478123803,-0.060794029384851456,0.4380635639822437,0.5791327238310245,-0.05536425858736038,0.36368663439833565,0.5732222910876081,-0.01573178917169571,0.3404383186702879,0.4536718018938227,-0.05080713331699371,0.36634807156291577,0.5383533984060874,-0.053715940564870834,0.39340513327555976,0.6234729290883697,-0.04784984886646271
6,0.47941576086752624,0.9545454545454545,3.36307657278212e-8,0.5844707237716514,0.8866664997972806,-0.044748399406671524,0.6239490592583301,0.7427666848152129,-0.06425068527460098,0.5065327163687933,0.6373439189749489,-0.0793004035949707,0.38258957957308226,0.5774285955843299,-0.09270265698432922,0.6428937366446341,0.48052688288317164,-0.03653339669108391,0.7116682537766028,0.28593036270411604,-0.06197987496852875,0.7628989960315398,0.1561860537229986,-0.07881062477827072,0.8016064509783812,0.04545454545454551,-0.08891796320676804,0.518237103169869,0.4697327445725207,-0.029053067788481712,0.49371658729416273,0.3529442827622154,-0.07119671255350113,0.45891187514680476,0.47960084782853557,-0.09069900214672089,0.45176978539446483,0.5773128074384609,-0.09288076311349869,0.41098130513648873,0.49091027039953483,-0.02531290240585804,0.38333885112768734,0.39535173620543157,-0.06687770783901215,0.3790878835328518,0.5033230117415123,-0.07613907009363174,0.38592456629391064,0.5911875767062702,-0.06954925507307053,0.32190402591301487,0.5356776951424171,-0.024422386661171913,0.27195413624939385,0.3823300716670999,-0.04657395929098129,0.2281607265116908,0.2910374212701384,-0.0504031740128994,0.19839354902161865,0.2018144614712244,-0.04724184423685074
7,0.04545454545454545,0.766056862251818,7.44331487112504e-7,0.10743122460811706,0.5688854592643663,-0.008776476606726646,0.22138121236237948,0.41191824797187315,-0.02743375487625599,0.28836891329198183,0.27993005691430667,-0.04396163672208786,0.29904374652851534,0.15660170837891993,-0.06319484859704971,0.35242273401834817,0.4797440958444641,-0.05892550200223923,0.6083263921178147,0.4874262461492966,-0.08280850946903229,0.7616120475190788,0.49069504936012187,-0.09409481287002563,0.8794729572001007,0.49859544990896415,-0.09967456758022308,0.38298943880420805,0.6079794588896972,-0.0666610598564148,0.6588890474648277,0.6003153884867353,-0.08530247956514359,0.8265177090400357,0.5917136599348539,-0.0930803194642067,0.9545454545454545,0.5866616187835739,-0.09925185143947601,0.3989778882379214,0.7347201736662391,-0.07169128954410553,0.6449397813760663,0.7063419596900915,-0.08466842025518417,0.798410712724119,0.689882964069545,-0.09054406732320786,0.916627021619055,0.6772041315510648,-0.09603927284479141,0.4036262405749471,0.84339829162108,-0.07604517787694931,0.5874886260198279,0.812394101040379,-0.08547157049179077,0.6980710455120146,0.7964372962179821,-0.08640152961015701,0.7907185084632727,0.7844431754117742,-0.08716240525245667
21,0.045454545454545456,0.5890125721924986,8.438618124273489e-7,0.15271194089408124,0.43272418347405117,0.0013071412686258554,0.3301193271827945,0.38359616447431094,-0.011832918971776962,0.4854560045921824,0.4443804988976822,-0.025907866656780243,0.5891518978067674,0.5215473452363673,-0.03926943987607956,0.39847668084905336,0.3276672535336825,-0.044636715203523636,0.6442948446076667,0.36545200081925694,-0.06304851174354553,0.7844530645009788,0.3794406082439411,-0.07160898298025131,0.8921033353986787,0.384904603070049,-0.07604774087667465,0.4053811267761777,0.4376324409935813,-0.055846843868494034,0.6701528366103484,0.46391684350508217,-0.06975194066762924,0.8312460740354692,0.4694106034106475,-0.07405481487512589,0.9545454545454546,0.471191526916511,-0.07899180799722672,0.3983524850229252,0.5536323043709138,-0.06273145228624344,0.5941420875523303,0.5892397503846813,-0.06943488866090775,0.5327409341229734,0.5806291906087965,-0.05226866528391838,0.45229179933472047,0.5645087665467574,-0.039631787687540054,0.37737696411824706,0.6596715227633909,-0.07020487636327744,0.5208062305975552,0.6723327464663176,-0.06780432909727097,0.46790991443049124,0.6602711523339149,-0.04733167588710785,0.40000927621601406,0.6497260665433615,-0.03147896006703377
40,0.4839550650360912,0.9545454545454545,7.949780638227821e-7,0.5646544529434375,0.8643432842404105,-0.05464326962828636,0.6380689267544541,0.7019859557830261,-0.0740710124373436,0.7565475889945243,0.5724707174775178,-0.08828002214431763,0.8616559574097797,0.4986803143249656,-0.10130493342876434,0.49156079301613775,0.48967039534977463,-0.03510588780045509,0.46668239550732243,0.2896071023233904,-0.057713113725185394,0.447581852917406,0.16351115256305562,-0.07367631793022156,0.43050601802781824,0.045454545454545504,-0.08349982649087906,0.39033643011412644,0.5017905292971341,-0.02058989740908146,0.283548322728767,0.321910105548955,-0.04828430339694023,0.20121492590053064,0.19713557832610074,-0.06727349013090134,0.13834404259022018,0.08847227509575954,-0.07551822811365128,0.31892954454911737,0.5585226127552302,-0.01159963384270668,0.20626876079238632,0.5057271390240413,-0.0543801374733448,0.23926607905576106,0.6244634969313971,-0.06635253876447678,0.2869368021189894,0.717644364345918,-0.0596427358686924,0.27199644327115996,0.6301501164935628,-0.006720770616084337,0.19057725657208247,0.6032619908069496,-0.0409824512898922,0.21706582083937703,0.6902663115358987,-0.04508288949728012,0.26858318366623524,0.7582336524890629,-0.03775911405682564
13,0.5215026539426793,0.9545454545454545,2.677941495221603e-7,0.6165749767890245,0.8607263525030691,-0.03923472762107849,0.643351415429361,0.7002182593265733,-0.05298798158764839,0.56641587184644,0.5656978316983968,-0.06446308642625809,0.4441643857147801,0.4913935948940835,-0.07053814083337784,0.6446054011041981,0.5277753122014093,-0.0041344123892486095,0.5883406942569208,0.41765990144364,-0.03419327363371849,0.5492120740276393,0.4947368756901925,-0.05944272503256798,0.529248783109682,0.5639526882154614,-0.07079126685857773,0.5461555694899932,0.5022091911472812,-0.00009879544813884422,0.5240206088701176,0.28580745917185557,-0.020883001387119293,0.5102836084299883,0.15732501785642644,-0.038833945989608765,0.5031158021588028,0.04545454545454551,-0.04817855730652809,0.45651471551107525,0.5309617139549873,-0.004173963330686092,0.42213288394512377,0.42157309155591804,-0.0405847430229187,0.4315993284838275,0.5318605076842222,-0.05151140317320824,0.4378138641039651,0.6196343319803014,-0.04653323069214821,0.37844732405548276,0.5889960904737198,-0.011243070475757122,0.3553945988958019,0.46866547187696567,-0.03423546627163887,0.3752912252783649,0.5376126788591482,-0.029679173603653908,0.3912092348963857,0.6114120405000276,-0.01962791197001934
13,0.4605282001128159,0.9545454545454545,1.9616460633642419e-7,0.5941407388692574,0.8758181989784979,-0.03548036515712738,0.6825467822470467,0.7460648322090703,-0.05208491161465645,0.6742719791806786,0.6054624641388728,-0.07007868587970734,0.5610254661990877,0.5361674446653282,-0.08308888226747513,0.5850093054847216,0.5356518717441019,-0.0050883120857179165,0.5860912338744223,0.4141388498018554,-0.03960393741726875,0.5661229481689614,0.5074754892599769,-0.06641817837953568,0.5411361252998165,0.5740864842868315,-0.07867865264415741,0.4894604536683834,0.510202775008053,-0.004898120649158955,0.4705329274279053,0.3075350295345965,-0.034267548471689224,0.45852622919672814,0.18336118307885435,-0.060773078352212906,0.44546014746319573,0.045454545454545504,-0.0787668451666832,0.4021307590091793,0.5320300949703048,-0.011400464922189713,0.4103521027941829,0.39051487102781784,-0.049262356013059616,0.4447612559554854,0.5035411283771442,-0.061214104294776917,0.4529959457105898,0.6044522703384642,-0.059317696839571,0.3174532177529532,0.5847481896004233,-0.020816322416067123,0.3271576230402931,0.44223893122598656,-0.04180905967950821,0.37438712620315817,0.502311277439599,-0.03801625221967697,0.40011762875086027,0.5902056451833347,-0.030474744737148285
13,0.4519841637944814,0.9545454545454546,2.815254731558525e-7,0.5756405562576091,0.8924050914856608,-0.04342426732182503,0.6612990251391664,0.7575706426540599,-0.06332413852214813,0.6442254804234908,0.6261032713746,-0.08282648026943207,0.5390893244465117,0.5357919348412362,-0.09727784991264343,0.6194653522223084,0.5435778070500243,-0.015562117099761963,0.6132178455766598,0.41775652607474556,-0.055092938244342804,0.577461539998576,0.5034661056453564,-0.08619378507137299,0.5610928477652157,0.5760092118196392,-0.10101930797100067,0.5210251860426022,0.5107137382405975,-0.01385507918894291,0.5272795098642294,0.30092361003893003,-0.04517807811498642,0.530351517920449,0.17677734183705146,-0.07319222390651703,0.550624493864628,0.045454545454545456,-0.09194628149271011,0.427371475154627,0.5253330996039166,-0.019630951806902885,0.4479216345731767,0.3780564796602477,-0.06135987862944603,0.43369324550455485,0.49427719606892206,-0.07249070703983307,0.4228513248649603,0.5937153125037594,-0.06949754059314728,0.3387009748608336,0.5719301926473964,-0.029066434130072594,0.3476931200694234,0.4436676601037156,-0.05392372980713844,0.36006796250330747,0.5065758937293572,-0.049340445548295975,0.36732861753643886,0.5855861565032479,-0.04052463918924332
21,0.045454545454545504,0.6842546553766856,9.080336553779489e-7,0.10158392993685002,0.4933994772467487,-0.006135924253612757,0.23550415910220376,0.32327894938600404,-0.022459397092461586,0.3675268638592511,0.25848401203766247,-0.03585847094655037,0.48658468303770736,0.2912499652876316,-0.04874709993600845,0.3366553627791247,0.3561728618587586,-0.07014307379722595,0.6141401763903039,0.3822894408192663,-0.09187935292720795,0.7640179065997967,0.3855062217226215,-0.10259861499071121,0.8807939850682771,0.39149172748655114,-0.10965970158576965,0.3458365854727895,0.48895946447738703,-0.07567285001277924,0.640935121308327,0.48301388799802697,-0.09630317240953445,0.820384942959682,0.47805673799001425,-0.10004640370607376,0.9545454545454545,0.47868677263061205,-0.10498066991567612,0.35381663163536126,0.6225304301882572,-0.07533255964517593,0.612507826404793,0.6060919324231133,-0.08686001598834991,0.5412863894720241,0.5849224328103508,-0.06682521104812622,0.43802015082975115,0.575683397067002,-0.05232018604874611,0.3552707328972283,0.7415159879623375,-0.07524748891592026,0.5575400817873459,0.70623731663649,-0.08111755549907684,0.5036616959994638,0.6814527150050532,-0.06278422474861145,0.41349744525802073,0.6752231282383233,-0.047641146928071976
9,0.0749162648007119,0.9439966242103222,2.2305093239083362e-7,0.35441272908840943,0.6863986964362604,0.00606309249997139,0.43952154857629777,0.40469859288440285,0.006869922392070293,0.4681241788382788,0.20386164935412326,0.0036267812829464674,0.51439874590562,0.0657610202880446,0.0008973020012490451,0.16527068106541745,0.056003375789677894,0.01287764310836792,0.5252372058716075,0.09365506309817537,-0.002564850263297558,0.7289953341126721,0.13917970234554305,-0.01824069209396839,0.8940323789621732,0.16466455696953075,-0.030137483030557632,0.08112460353690255,0.07956400921532622,-0.0002788310230243951,0.5221453343022633,0.12249186394470898,-0.018746938556432724,0.7517524107016206,0.17209207055944017,-0.030216585844755173,0.9545454545454546,0.209654983133203,-0.03651302680373192,0.045454545454545456,0.17492899155839564,-0.01525858510285616,0.4930283925282264,0.19450414997270987,-0.03746223449707031,0.7445962630473971,0.22379347138266362,-0.04603679105639458,0.9504570220701714,0.23898539785728717,-0.048346538096666336,0.06330289711103772,0.3237137999470521,-0.03032732754945755,0.4071620871982155,0.2792368343316828,-0.050846125930547714,0.6021549593794191,0.2744928212112199,-0.05802850052714348,0.7624107957573238,0.2482318052932859,-0.05970544368028641
17,0.4256505876217713,0.9545454545454545,-5.331293664312398e-7,0.5181884048476003,0.9441990978521381,-0.04248145595192909,0.5755927047864635,0.8554897897502386,-0.07252831757068634,0.5114153932445725,0.772070611890513,-0.09809058159589767,0.4173264418770943,0.7022687427891904,-0.1192905381321907,0.692221049840125,0.5785604696514248,-0.0409729965031147,0.6589729089615989,0.5277453336760406,-0.0740775540471077,0.5475956382208685,0.6133914088627209,-0.09776443243026733,0.48740423150617224,0.678425915292806,-0.1134197786450386,0.5763873526166129,0.50915044491522,-0.03970915079116821,0.55634910105035,0.4103731885484905,-0.09230136126279831,0.48207987720807616,0.5913414428215636,-0.11374593526124954,0.45665114664329903,0.7221021743295779,-0.11578439176082611,0.4597279190843966,0.476630277155313,-0.04439760372042656,0.47114742456158226,0.29421312398364213,-0.08267983794212341,0.4644336291081827,0.1723501278460479,-0.10453210026025772,0.46772711620798896,0.04545454545454551,-0.11374593526124954,0.34439887504716016,0.4779211429545904,-0.050920672714710236,0.33561440598377623,0.32219196821847046,-0.06694294512271881,0.3235641662683982,0.23136591408044802,-0.07265062630176544,0.30777895015987483,0.12546315067138927,-0.07733908295631409
36,0.18457636729447538,0.9545454545454545,1.6759516086040094e-7,0.1787139981193207,0.7252116994008919,0.022182175889611244,0.2885845218554246,0.5813736396636521,0.0245940163731575,0.42858898058587935,0.5527230120280434,0.026564257219433784,0.5388880476690731,0.5491477442492548,0.028602436184883118,0.2767779914183152,0.5062165721664293,-0.022397315129637718,0.3311833349393878,0.3016477110261351,-0.030187686905264854,0.34311845197449525,0.166574582736637,-0.03195410594344139,0.34440463253942566,0.045454545454545504,-0.03372052684426308,0.3717273577812122,0.5636779708383645,-0.03800070285797119,0.5045269560656696,0.3459044457772229,-0.05670664831995964,0.5835963101301038,0.21021680036635151,-0.06762222945690155,0.6362735598788138,0.0971792713001031,-0.0744614526629448,0.46525157567785597,0.6336395794220224,-0.04701397940516472,0.6569101752558847,0.49230294190859186,-0.06259471923112869,0.7540357616513235,0.4137541079657787,-0.06875455379486084,0.8212860018806791,0.3510449162247402,-0.07088330388069153,0.5425737249342619,0.7088811424704528,-0.05154326185584068,0.6115114774775294,0.5782468618838904,-0.047512199729681015,0.5423330674481003,0.5891434258630105,-0.03204469010233879,0.4899744922529612,0.6248604474130567,-0.021865125745534897
22,0.2840875705956396,0.9545454545454544,1.0162578556460744e-9,0.3543089012997551,0.739434687664762,0.03933927044272423,0.4072261041972328,0.5524369978748292,0.03685281425714493,0.4856608372857167,0.4321215285197262,0.023976534605026245,0.5540558487786759,0.3543525942498802,0.010423130355775356,0.29202026150691063,0.35860563847721133,-0.018592912703752518,0.3617838411156913,0.10260124212284898,-0.044511985033750534,0.5181112231340286,0.045454545454545525,-0.05838729813694954,0.6367517939909138,0.07417236462485487,-0.06336020678281784,0.28077405874700495,0.4320234016176203,-0.049729105085134506,0.5865672415238399,0.2662263374264999,-0.06868832558393478,0.7090332039929801,0.35421964631565556,-0.06531384587287903,0.7108875345407629,0.4365044366929301,-0.06145096197724342,0.3262178170956262,0.5405356064622722,-0.07632528990507126,0.6070436282823158,0.3651150407278231,-0.08924597501754761,0.7192259412529949,0.445734140959979,-0.07330603152513504,0.7163516391879067,0.5269561889511889,-0.06127335876226425,0.3997270407390774,0.6482863465465823,-0.09919179975986481,0.634902048928842,0.5136182196918017,-0.0979485735297203,0.7090812519084747,0.5529299874310092,-0.0766804963350296,0.694585335362002,0.6029770625506629,-0.06047414243221283
36,0.276617589289473,0.9545454545454546,4.115133265258919e-7,0.23470058094692517,0.7457795672348272,0.021040912717580795,0.3172203547682925,0.5856223773040591,0.02081236243247986,0.4632365390664173,0.5293174675246801,0.020041007548570633,0.5662256675958061,0.5095109595608414,0.019869593903422356,0.27449629107489004,0.511332404674412,-0.03011150471866131,0.30173728287511986,0.2965508278151712,-0.040739092975854874,0.30921181442380274,0.16219471363654533,-0.04371024668216705,0.3079740269534028,0.045454545454545456,-0.047395624220371246,0.36965755449537213,0.5625537676458878,-0.051023855805397034,0.4686971754279994,0.332348663615283,-0.0786784440279007,0.5360616275388507,0.19029981864597964,-0.09519121050834656,0.5751464262993985,0.07295991847225997,-0.10553311556577682,0.4659482591927788,0.6229758622512669,-0.06530825793743134,0.6215756586494344,0.44659477301356043,-0.09290570765733719,0.7120984906629558,0.35198255009690277,-0.10650444030761719,0.7652994190530749,0.27329540497397625,-0.11176110804080963,0.55711238513384,0.6892300827238219,-0.0743359923362732,0.6348197134224909,0.5305164672936074,-0.07833562046289444,0.5878832346117067,0.5400308089887527,-0.06450832635164261,0.5384779598656991,0.5690388443828015,-0.05496635288000107
20,0.6124510570481029,0.04545454545454551,1.7864863366412465e-7,0.7123316073192058,0.22073965349055125,0.001118799322284758,0.6982273405958298,0.37936265415257014,0.00107515137642622,0.601369182034047,0.4539348298390241,0.006578000728040934,0.5212072547614693,0.476747703486681,0.013679777272045612,0.5317719505369896,0.4650742475604579,-0.044202521443367004,0.5453920294589601,0.7049438437769981,-0.054595865309238434,0.5469399774327031,0.8447116611963166,-0.060634687542915344,0.5355932307511176,0.9545454545454545,-0.06486596167087555,0.4172605525990932,0.4214410954610118,-0.03680804744362831,0.36416886872223186,0.6734054935550511,-0.04654410481452942,0.32926281712791905,0.8116926386093083,-0.046954911202192307,0.2876683926807941,0.9140224932584166,-0.047735437750816345,0.34907058538273134,0.36644833343830124,-0.02360069379210472,0.3318417047769581,0.5377798856827473,-0.02069425769150257,0.39978868065715134,0.5371280590730485,-0.008015815168619156,0.4508330150909649,0.4912749080409096,0.0014570706989616156,0.3216310259252546,0.31706806871727466,-0.009946594014763832,0.35029067026623756,0.43758820308259466,-0.005196671467274427,0.4169885014478358,0.43341945508680046,0.005792337469756603,0.451030279953391,0.38907861101989855,0.015600285492837429
22,0.3674320674606057,0.9545454545454546,5.8282452641833515e-8,0.5538200101180055,0.7638774728454265,0.013260493986308575,0.6395885303719413,0.6295033144387827,0.004339838866144419,0.7190068138860125,0.5389288694514296,-0.01146780513226986,0.6887294940306117,0.5096708557680775,-0.026755208149552345,0.35123256915665824,0.3595816196517679,-0.013017264194786549,0.34565135672777975,0.12724962679232144,-0.03740324079990387,0.46860469584142656,0.05098978911522248,-0.05426712706685066,0.5778521987901627,0.045454545454545456,-0.06374406069517136,0.28560017382621805,0.4225486317188111,-0.03398001566529274,0.44091469063578603,0.2330425525773826,-0.059059642255306244,0.601914571010362,0.3387979651632837,-0.06673488020896912,0.6493288686974374,0.442546992009494,-0.06936535984277725,0.28099318611398744,0.5113268051463841,-0.05379869043827057,0.4115654254057592,0.3248784208287992,-0.07516682147979736,0.5760286591386855,0.4222141669878385,-0.06932932883501053,0.6252695983438353,0.5289668669667942,-0.0617261566221714,0.3115629165474564,0.6212049116092058,-0.07275254279375076,0.42945734984617084,0.46686876528029536,-0.08388704061508179,0.5558869269948026,0.5066773158966436,-0.07451821118593216,0.6014871099327538,0.5780470161447749,-0.06550972163677216
17,0.46213900468863295,0.9545454545454544,-3.3720107239787467e-7,0.5467480736974598,0.911491922267812,-0.028125757351517677,0.5886442241125533,0.7922931346160376,-0.04533172398805618,0.5391312032880043,0.6711313407372768,-0.06046390160918236,0.45497397257094263,0.5763073177954599,-0.0728418231010437,0.6774140063137447,0.5455110736198502,-0.014881053008139133,0.6934590701901043,0.4459053534439676,-0.03622649237513542,0.5988219029879791,0.4828411719506313,-0.05349726974964142,0.5307571407317628,0.5335110674940888,-0.06490310281515121,0.5671458179799349,0.49461488524572245,-0.01492155622690916,0.568893168046813,0.3395017197624538,-0.046174198389053345,0.4974023568906792,0.4614238287251543,-0.0621812529861927,0.4701056440592941,0.5569173613475209,-0.06516232341527939,0.4595177660541515,0.47367559163068457,-0.020057424902915955,0.47607018710500737,0.2724156846755943,-0.0418970100581646,0.44805375737267983,0.1539104893543427,-0.057288408279418945,0.43182932479826597,0.045454545454545525,-0.06477349251508713,0.3634463966371678,0.49198573250127475,-0.02715366892516613,0.34369341876394827,0.32925992725418185,-0.03749021142721176,0.32329450004356924,0.23232708094289764,-0.042707085609436035,0.30654092980989545,0.13280207668113944,-0.04688706248998642
16,0.39466431692453424,0.9545454545454546,-3.0425886166085547e-7,0.5111745517755315,0.8866327814813834,-0.022681094706058502,0.5661460904440031,0.7602654288867254,-0.03336581587791443,0.5141441215643612,0.6199460934871407,-0.043947380036115646,0.42111596935078566,0.5308866528700966,-0.05190565437078476,0.6481717157029655,0.5402465801004718,-0.005519213154911995,0.6904787083361198,0.4248836211496848,-0.02521595172584057,0.6038060976388602,0.46375421250446947,-0.04011561721563339,0.5280226812584753,0.52178042173329,-0.04692436382174492,0.5368898314656709,0.48002110704614204,-0.005054980516433716,0.5694254438268959,0.31744006967005245,-0.029681429266929626,0.4818785858567047,0.4301400010431754,-0.04474321007728577,0.437302856722635,0.5159951610205069,-0.048073895275592804,0.4261439330432165,0.45605555189091174,-0.008459354750812054,0.44946394653576227,0.3093994142198874,-0.031125709414482117,0.40381763493611106,0.41949218845895053,-0.03982086479663849,0.3768569696312738,0.5312188801466332,-0.03793445974588394,0.31820923970231285,0.4659913744630528,-0.013860668055713177,0.3215722902221666,0.2727639010775377,-0.025319114327430725,0.3095212916638802,0.14708001721955724,-0.030978333204984665,0.3160375131609732,0.045454545454545456,-0.032481566071510315
15,0.32686186429716635,0.951959248739377,-2.2229956186947675e-7,0.4144723734103207,0.6795135353820567,-0.017819814383983612,0.46074568606696564,0.41713574459757574,-0.0324021577835083,0.45180889965584203,0.23109244449345184,-0.04515999183058739,0.3931771964005637,0.045454545454545456,-0.05468035489320755,0.3076163862973439,0.4324090908936647,-0.04494050145149231,0.6796534854791945,0.4553526623665975,-0.07215721905231476,0.6457048314198153,0.5403761258016891,-0.0846681222319603,0.5232417603081937,0.539823404334157,-0.09311847388744354,0.28981110020957274,0.6159812647939379,-0.05012594535946846,0.7101888997904272,0.6193625379859101,-0.07248645275831223,0.6389562371949732,0.672310416150981,-0.07396800816059113,0.5266107096643003,0.6722778668264905,-0.07918088138103485,0.31030809030891837,0.7964418158302452,-0.056847814470529556,0.7042685221845312,0.7803696998554286,-0.0756690502166748,0.628675655607414,0.8221266266216389,-0.06782229244709015,0.5268288706975359,0.8217949628886795,-0.06507867574691772,0.34956610653478576,0.9545454545454546,-0.06568226963281631,0.6583855957388365,0.9287753367566995,-0.07857728749513626,0.5980471354875282,0.9385765399833588,-0.07599828392267227,0.48532095740483644,0.9393629686859764,-0.07599828392267227
12,0.3580477857028785,0.04545454545454552,6.003888302075211e-7,0.5213862481488678,0.14964643041832135,-0.020990237593650818,0.6257685546980806,0.2922548746885698,-0.046478379517793655,0.7519663861985718,0.3921482692761021,-0.06581553816795349,0.8671323259162513,0.4447834681527863,-0.08557558059692383,0.4462163596289546,0.4338931292912559,-0.08096234500408173,0.4482798866591894,0.6948171271284476,-0.10010728240013123,0.44530292498609514,0.8390915790076776,-0.10695025324821472,0.43143238959353736,0.952532692475405,-0.11017952114343643,0.3045574242448615,0.4371518582450094,-0.07062099874019623,0.25202663319664015,0.6988029963721591,-0.08319207280874252,0.2075435440238581,0.8460611027340001,-0.08242319524288177,0.16606445547461837,0.9545454545454544,-0.08296141028404236,0.19966967672093638,0.41425913675667664,-0.05516664683818817,0.22694724813764514,0.6143204984421698,-0.05516664683818817,0.28650504299125634,0.586727216045869,-0.04001984745264053,0.32499191026170343,0.5233216469182438,-0.030082160606980324,0.13286767408374858,0.3890994602928445,-0.04086560755968094,0.19069042499821195,0.5367024136650411,-0.038539767265319824,0.2510224440567322,0.508827832484747,-0.02494993433356285,0.2787249642590307,0.4552987419689925,-0.014079989865422249
42,0.4443814751788336,0.9545454545454546,3.691694416829705e-7,0.5883919912944305,0.8004124208159463,-0.004694199655205011,0.68351165518395,0.6507120880486768,-0.017395077273249626,0.7372263636738408,0.5359621871879278,-0.035815007984638214,0.6595528361956695,0.44155424863299414,-0.05274341255426407,0.4496102321472032,0.39232842845437316,-0.0055589210242033005,0.39728033399859664,0.18633677665465778,-0.02832990698516369,0.46520435636730656,0.09135682932516957,-0.04311709851026535,0.5519718084139575,0.045454545454545456,-0.04981525242328644,0.373415136950131,0.42946489010014116,-0.020350683480501175,0.26277363632615924,0.1751544232191875,-0.041653018444776535,0.37323436149543415,0.07879976536980109,-0.04959563910961151,0.4841218892291252,0.056349841255915516,-0.05105971917510033,0.3219602918656597,0.494920286322787,-0.03770000487565994,0.34355700094212893,0.2974908928619714,-0.06328476965427399,0.5095314511005473,0.3509715748726101,-0.060356609523296356,0.6033576569658138,0.4451193295457131,-0.05069369822740555,0.30812376352901216,0.5839061102333487,-0.0562937967479229,0.3568246483281203,0.40864966888856213,-0.07554642856121063,0.4840054575803374,0.43290485805692586,-0.07133719325065613,0.5621433498799898,0.5133161038324167,-0.06240632012486458
12,0.357984231510954,0.045454545454545525,5.301674832480785e-7,0.5159524078017631,0.14863833999592668,-0.02582709863781929,0.6411887058187999,0.2779937047816293,-0.053752534091472626,0.7762150208612506,0.3718675750133459,-0.07512065768241882,0.8931654129470347,0.41459841872706416,-0.09694342315196991,0.4526233777912879,0.3751727996133026,-0.08764076977968216,0.44091095597956326,0.643355075985955,-0.11037280410528183,0.4349677328421983,0.7951232835270036,-0.11729732900857925,0.4225060335249917,0.913589109706858,-0.11953556537628174,0.29771680177380533,0.37668365737991794,-0.07987689971923828,0.2622295030971933,0.6715685812171603,-0.09785269945859909,0.22753920471209826,0.8348364299462322,-0.09736308455467224,0.1968334117057314,0.9545454545454544,-0.09673358500003815,0.18112080842340011,0.3656192137710935,-0.06847590953111649,0.20028532682367742,0.6310754500112069,-0.07805833965539932,0.2606942382508178,0.6875327088819182,-0.0681961327791214,0.3053203016294879,0.6912936687257497,-0.05994265154004097,0.10683458705296514,0.35346716687637225,-0.05808911472558975,0.14419865126105183,0.5707211692681842,-0.06239071860909462,0.20599142426743774,0.5965140205111666,-0.05168916657567024,0.24188134054432067,0.5771932124670187,-0.042036790400743484
30,0.6817315224558117,0.045454545454545525,1.0151434537419846e-7,0.7630007829172094,0.23702703004323464,0.004893908742815256,0.718039671281787,0.403621351519281,0.00219168933108449,0.6134347870472237,0.5050637967030736,0.002813897794112563,0.5318412285011609,0.5577107553964614,0.0032047720160335302,0.6515736055805725,0.42841171016655516,-0.044990457594394684,0.644231673432508,0.6849217556649577,-0.062220845371484756,0.6398064184924118,0.835429985881893,-0.06656035035848618,0.6413635306317685,0.9545454545454544,-0.0654754713177681,0.5304712345516572,0.3718460994779468,-0.047926001250743866,0.45866658461067744,0.6276880698636221,-0.06892155110836029,0.4124106873014158,0.7744990988530307,-0.07141038030385971,0.37889396883500226,0.8878640675510127,-0.0690491795539856,0.44074014057870087,0.3225708217929407,-0.04658585786819458,0.33535178666711574,0.5441500264196801,-0.0728781521320343,0.27793407874994175,0.6906621025133226,-0.08232296258211136,0.2369992170827904,0.8004182021035459,-0.08136571198701859,0.37830453650919477,0.27875848523151125,-0.04061904177069664,0.2984338491420531,0.4635854361644768,-0.04786218702793121,0.33699102624349814,0.49179508265862837,-0.038257841020822525,0.3797489365127557,0.4736932027889519,-0.028302505612373352
21,0.04545454545454545,0.575980774765614,7.964904398249928e-7,0.11991099557565355,0.37050540322183884,-0.013915873132646084,0.28020437893782624,0.2799339065910734,-0.03238153085112572,0.4485175532013696,0.33672724994763736,-0.046335477381944656,0.5601219633305924,0.4262509560210521,-0.060194239020347595,0.3550707724254609,0.33685662898300583,-0.0748906210064888,0.6214542892614354,0.396854924563522,-0.09853427112102509,0.7693399769733258,0.4276839819831098,-0.1097278967499733,0.887108235460088,0.4559999356978876,-0.11620038747787476,0.3619610798957185,0.4782933851308288,-0.07633741199970245,0.6557363304040525,0.5125076687310909,-0.09731592237949371,0.8242642817474719,0.5264749853831014,-0.10211317986249924,0.9545454545454545,0.546504831372746,-0.10675815492868423,0.36253130772044456,0.6095740942666101,-0.07302501797676086,0.6283208508860337,0.6241879836841966,-0.0865030437707901,0.578038613291579,0.5801229304825096,-0.07013142108917236,0.4920044667082035,0.5601268916170945,-0.05684376880526543,0.35931112540237997,0.7200660934089266,-0.07039793580770493,0.5627821531022323,0.7074060162662891,-0.0775938332080841,0.527925871905795,0.6629539774273054,-0.06141258776187897,0.4560133797359364,0.6470345066154308,-0.04705887287855148
39,0.6158627023954901,0.9545454545454545,6.741198603776866e-7,0.6977954300361295,0.9024318675915478,-0.0560990571975708,0.6917707795660327,0.7763236238387822,-0.08157848566770554,0.5307727420347566,0.6773524154986693,-0.1005883514881134,0.38925004871667673,0.6063131644806685,-0.11662932485342026,0.6780647254885315,0.5049440026033447,-0.04750251770019531,0.6782206822188159,0.30132797670676537,-0.07772333174943924,0.67583428286547,0.16792375593072698,-0.09846138209104538,0.6763458748009229,0.04545454545454551,-0.11290711164474487,0.5510948782253375,0.4920850870297365,-0.038064051419496536,0.47688878085182435,0.29518628938365354,-0.07209570705890656,0.41168710549318377,0.1697023725402732,-0.09553678333759308,0.36704791711133444,0.05064702241553258,-0.10865314304828644,0.4555505893356527,0.5356591222301368,-0.033411286771297455,0.3662063923368772,0.43259122800420513,-0.08202160894870758,0.3625064397001203,0.5568868608969527,-0.09323256462812424,0.37743155423257674,0.6571829984907087,-0.0880923643708229,0.390799319231843,0.612575146005974,-0.032547205686569214,0.30220456996387035,0.5546142806504726,-0.07568498700857162,0.3230015464785016,0.6382166126115015,-0.08228747546672821,0.36374359873957024,0.7082886091370485,-0.07701434940099716
8,0.5128884493255332,0.9545454545454545,3.6987518114983686e-7,0.6168500398398846,0.8674548580868403,-0.03640364855527878,0.6441899717471583,0.6967068505868963,-0.047003280371427536,0.502050324619046,0.5789027737334497,-0.052911270409822464,0.37497828525686705,0.5415841802612056,-0.05664720758795738,0.6493328209521991,0.4814248273385102,-0.014161801896989346,0.6325561135593512,0.2941488048023053,-0.02623843029141426,0.614301591969835,0.1825511229156126,-0.03966173529624939,0.5989803785192548,0.08382172416872206,-0.050739217549562454,0.5409089848724963,0.46268276820687887,-0.008204939775168896,0.5318696100794391,0.26904341141516847,-0.015953749418258667,0.526396552404889,0.15028551295502676,-0.028540808707475662,0.5280032004229114,0.04545454545454551,-0.03881463408470154,0.45170797553643705,0.487114707410814,-0.007363268174231052,0.43669227056795995,0.31300838376604306,-0.015964608639478683,0.44239878825636536,0.20443644520786694,-0.02736789919435978,0.4497654569255466,0.11593381057801737,-0.03596923500299454,0.37053688287025693,0.5447256432358694,-0.01070280373096466,0.35294692223758,0.4072743829822236,-0.0182778462767601,0.35066717904780076,0.32500103799183994,-0.022632818669080734,0.35243294093818356,0.2506859458582072,-0.026281870901584625
37,0.04545454545454545,0.5535314169879566,7.261259042934398e-7,0.14567722577680334,0.3442035734318874,-0.008160137571394444,0.3204078290442007,0.27455902183717595,-0.021141529083251953,0.48456067390818547,0.3368216122165428,-0.03036726824939251,0.5839920366132131,0.4171360028101263,-0.041563183069229126,0.3612630050548201,0.3194557248618463,-0.061909064650535583,0.6300048102519398,0.38125835014718196,-0.0839599072933197,0.7858471311566934,0.4261622782457487,-0.09244683384895325,0.9024707083723091,0.4688499853006758,-0.09631140530109406,0.3693500834386564,0.4642483638856652,-0.06702394783496857,0.6555923729659461,0.5074384481567168,-0.08699095249176025,0.8297924285270771,0.5384297927267048,-0.09426545351743698,0.9545454545454545,0.5688103839721212,-0.0992666706442833,0.3710268844269881,0.5957205939440284,-0.06888046115636826,0.6247616377226174,0.6103003239064224,-0.08373257517814636,0.784830741540507,0.6245904879201872,-0.09002199023962021,0.9030702331188337,0.6392045604416214,-0.09472011029720306,0.3650156229451415,0.7011592876072967,-0.06994132697582245,0.5574050157693232,0.7044897651771747,-0.08115619421005249,0.6658686174630306,0.7099615857521292,-0.08305059373378754,0.7548213084923684,0.7254409781628239,-0.08388412743806839
36,0.35357504793293393,0.9545454545454545,2.741352886914683e-7,0.2842907180719086,0.7618001698202458,0.011794373393058777,0.3343323924127745,0.5935877485867959,0.009650847874581814,0.46496696733476434,0.5115822604626817,0.007756569888442755,0.5619794609247247,0.48076088356018026,0.004967494867742062,0.3004545652780555,0.5426404631977759,-0.033837784081697464,0.3049191397215109,0.3037749553065803,-0.04881255328655243,0.2998396817835421,0.15897329421522338,-0.053996894508600235,0.28409006490245137,0.04545454545454551,-0.055273037403821945,0.39753366710428495,0.5871538403319584,-0.048094723373651505,0.4614035095404361,0.3280385121303827,-0.06612027436494827,0.5047850230229188,0.17139103912096668,-0.07062666118144989,0.5223604843307922,0.05993726995372633,-0.07106532901525497,0.49784285415923746,0.6441697760309394,-0.05874255672097206,0.6127939233600155,0.41009693889003906,-0.08382678031921387,0.6805109713631583,0.2719037064673449,-0.09579064697027206,0.7159099350975486,0.1670130232818108,-0.09866197407245636,0.6025137208449014,0.7163148840743839,-0.0646447241306305,0.6886983165839585,0.5346880176385569,-0.07094569504261017,0.660037720393322,0.5482327589896805,-0.05906159058213234,0.6160678341571294,0.6025330731679002,-0.04941074550151825
24,0.5904490165731524,0.9545454545454545,-2.6294078026012357e-8,0.6858438036309384,0.8420778514625138,-0.044184837490320206,0.6878739894404101,0.698293296355586,-0.05602636933326721,0.5780128528439985,0.5843891449633003,-0.06256572902202606,0.4654520070593494,0.5050466771076395,-0.06720513850450516,0.6688985622642347,0.4672506580721947,-0.017817534506320953,0.6702791528992054,0.2669651238686855,-0.03373512253165245,0.6664727051733129,0.15068914452395582,-0.046659186482429504,0.6603341754144703,0.04545454545454551,-0.05682170018553734,0.5509328339180704,0.4860679854826809,-0.008411687798798084,0.4639459812354381,0.34812237413640995,-0.03691643103957176,0.4568390050338584,0.47275530218852724,-0.051961369812488556,0.48395012160111894,0.565725768957434,-0.05430316552519798,0.4571021698280804,0.5350124185357057,-0.00419203657656908,0.3812481120311573,0.4444750710007064,-0.03665132448077202,0.4045616199953848,0.5552690062591416,-0.04612896591424942,0.43937418395434874,0.6316880246291873,-0.04263836890459061,0.3936990612021851,0.6109969739282979,-0.0032917705830186605,0.31212601055958983,0.5089911055502582,-0.02518535777926445,0.3415812625091543,0.5678051525211842,-0.026753919199109077,0.39103044965528017,0.6402077839529697,-0.021716848015785217
29,0.37391873683059157,0.9545454545454545,2.9784553134959424e-7,0.24606892368152802,0.7894914521926052,0.00958087295293808,0.2358865390977144,0.6119143527549468,0.01102315541356802,0.2903189536019222,0.4627587972001976,0.012319040484726429,0.2953064644900254,0.3598008805795258,0.012167220935225487,0.34022429617379873,0.5086909540949672,-0.024681456387043,0.4423342736620898,0.2920035975310606,-0.03580763563513756,0.50387684602123,0.1724309677424856,-0.03715231642127037,0.5493480751822258,0.07975968651060866,-0.036436598747968674,0.4555982372631528,0.543482751755713,-0.035222046077251434,0.5495589854095588,0.2966376967289824,-0.04576263204216957,0.6045005352675925,0.15502425280921292,-0.04762783646583557,0.6443254009495961,0.04545454545454551,-0.04806160926818848,0.5606244356355663,0.5969771559235653,-0.042856376618146896,0.6387260407819705,0.36972076618152827,-0.05200890824198723,0.682517969818685,0.23673081743402868,-0.055045291781425476,0.713148649180033,0.12936854743216447,-0.056693609803915024,0.6486311622649438,0.6660255242160321,-0.048582129180431366,0.7106261112622971,0.48848402494934356,-0.058168426156044006,0.739642875894764,0.3815858723356373,-0.060640908777713776,0.7641134609022855,0.28682905599244324,-0.060684286057949066
10,0.4673151952744833,0.9545454545454546,-3.2400117788711214e-7,0.7123092421925903,0.7977754457282272,-0.020181916654109955,0.839785036164643,0.5344056301555024,-0.025227395817637444,0.6592852676182137,0.35980389225497744,-0.02882661111652851,0.4535969083768498,0.41790513014428987,-0.026344960555434227,0.7234152580390438,0.2561975715412533,-0.003913532942533493,0.6233012158327026,0.045454545454545456,-0.027150264009833336,0.6295008998685162,0.2663760578316511,-0.04059391841292381,0.674720272317521,0.3675066161704634,-0.046904876828193665,0.5436476764961219,0.28945083591409754,-0.0031061742920428514,0.4403061759338192,0.08753649334352964,-0.02672296017408371,0.48658201232909604,0.33588306010112023,-0.03226148337125778,0.5361429402652621,0.4314181890981631,-0.030092092230916023,0.38747980085062395,0.34640238926384764,-0.006824544630944729,0.2745176028393949,0.16275438090746916,-0.027840524911880493,0.3531380781694487,0.3727053840336361,-0.022088350728154182,0.42682896619318983,0.48018114478355217,-0.012005610391497612,0.24955947266213568,0.4325137612770647,-0.012728741392493248,0.16021496383535702,0.2957077198026215,-0.021907569840550423,0.24221044714143194,0.42588288460157214,-0.014446175657212734,0.3198289139405466,0.5153662041820243,-0.005513870157301426
26,0.640049420947319,0.9545454545454545,5.495253319054427e-8,0.6793838486269107,0.8504687814481762,-0.04604896530508995,0.6311899677525556,0.7065651122348457,-0.059807006269693375,0.4861643657025683,0.6166101393867638,-0.06794043630361557,0.3670056211943433,0.5435066831220821,-0.07364597916603088,0.6687896587228154,0.46519785835053606,-0.01688394695520401,0.6609191178580244,0.27752725689609486,-0.038947392255067825,0.6452116720185378,0.15163859930757909,-0.05507262423634529,0.6320351552970439,0.04545454545454551,-0.06668602675199509,0.5536908176326072,0.5002716398445649,-0.007273551542311907,0.4355705383281558,0.4016710580487784,-0.04617036134004593,0.4411644785908793,0.5235772573546198,-0.0642581433057785,0.48922677620640465,0.6009806159776162,-0.06535068899393082,0.4642769256989516,0.5669678129951768,-0.0034369807690382004,0.36160796179537785,0.5134138342292268,-0.047991279512643814,0.39747767828054104,0.6219545133577976,-0.05750051140785217,0.44933628376721324,0.6722670584561415,-0.050135914236307144,0.41513351737613885,0.6530263854573255,-0.0026858525816351175,0.32061615137308924,0.5984905840691049,-0.03769297897815704,0.3539073594008264,0.675712173741385,-0.041557371616363525,0.4071145324045495,0.727311581230594,-0.03413207828998566
37,0.04545454545454551,0.6142812942540089,6.775148904125672e-7,0.12696779020558624,0.40518793425935024,-0.006145855877548456,0.2838764685567144,0.2744432222792222,-0.019688904285430908,0.4605630516876531,0.2823077465916348,-0.028886908665299416,0.5693547468208842,0.36826425663731716,-0.03978414461016655,0.3402940191685811,0.33689431390980196,-0.0632409006357193,0.6133335383337707,0.3673283949681451,-0.08215407282114029,0.7678332231726859,0.39606530644325694,-0.08932039141654968,0.8794216790302949,0.42939151893687205,-0.09323601424694061,0.3721850660735263,0.48570665601097796,-0.06737816333770752,0.6664603768501803,0.4956676294319345,-0.08148915320634842,0.8351883922597988,0.5143302538193629,-0.08525701612234116,0.9545454545454545,0.5350736759870137,-0.08924651145935059,0.393802340528567,0.6198151358714077,-0.06748898327350616,0.6519728702507807,0.5979498888999478,-0.07580043375492096,0.8095974031948818,0.5981553552474466,-0.0795682892203331,0.9242029627417339,0.6022497622395825,-0.08444434404373169,0.4012749315258449,0.7255567777207778,-0.06656548380851746,0.5932716667746927,0.7023851080357721,-0.07447060197591782,0.7016944478015251,0.698634445170325,-0.07580043375492096,0.7916286164401292,0.7041362040025663,-0.077056385576725
6,0.48831911397776984,0.9545454545454545,7.03746536601102e-8,0.5769200201156335,0.8843510846188974,-0.04391496255993843,0.5977600530188384,0.7325312732548579,-0.061004143208265305,0.4872181899704673,0.6221520502705417,-0.07392685860395432,0.3662093575705026,0.5609590274640337,-0.08426503092050552,0.6317495630257128,0.48545802941459465,-0.02564491331577301,0.6800620590941301,0.28360086918401095,-0.04369215667247772,0.7133120021370388,0.1546350879450794,-0.05458734557032585,0.7343876617804325,0.045454545454545504,-0.06136063113808632,0.512799054834204,0.481261721757924,-0.017623914405703545,0.48541007220069515,0.3574400902478634,-0.05534488707780838,0.4610299160549266,0.47472061057519793,-0.07174336910247803,0.45772228413352056,0.5692830358897003,-0.07134231925010681,0.4129581417826237,0.505366108001721,-0.013680257834494114,0.39031524293652387,0.4015063912033695,-0.051111578941345215,0.388286313281485,0.4988089473928294,-0.058686964213848114,0.39359308837713425,0.5711275735111557,-0.05128982663154602,0.33218778790403486,0.5445962847536103,-0.012744474224746227,0.30101662767875986,0.39825805789438956,-0.031014524400234222,0.2764874215507993,0.3171986232802235,-0.032886091619729996,0.2656123382195674,0.23030672137710287,-0.02889787219464779
24,0.6634517097738715,0.9545454545454545,2.964766565582977e-8,0.7094524804478537,0.8488042777060444,-0.058024730533361435,0.6497071796207989,0.7129185014515974,-0.07219971716403961,0.4908407568283958,0.6443900556450958,-0.07683639973402023,0.3653934420602838,0.5828908243922428,-0.07727798819541931,0.633422870607738,0.4522343484711404,-0.023249637335538864,0.5944222067655013,0.26653202743761134,-0.04265744984149933,0.5564182521791928,0.15029112576526762,-0.05696491897106171,0.5289663472594665,0.04545454545454551,-0.06760720163583755,0.5250008905981968,0.48987696892643584,-0.007633961271494627,0.39137951093241696,0.40109993857049514,-0.04166387766599655,0.38424851944743654,0.5280915441056908,-0.059437815099954605,0.4286669431099485,0.5996029108162322,-0.0605417862534523,0.44035451423581307,0.5552751134653131,0.000988054322078824,0.3306873082855381,0.5041089933641901,-0.040913175791502,0.3545839071673471,0.6103082564803893,-0.0542270727455616,0.4031230553667007,0.6453083902577975,-0.04972286522388458,0.3992705062374355,0.6377428949557268,0.0054591381922364235,0.2905475195521463,0.5910502553526953,-0.028261665254831314,0.3236579736174936,0.6552483669922397,-0.03431142866611481,0.38350505137587987,0.6975618459264418,-0.028438299894332886
13,0.4836119614683765,0.9545454545454545,2.644790697559074e-7,0.6026716469031194,0.8956125797055282,-0.0365433432161808,0.6533330329290146,0.7555093427272287,-0.05284588411450386,0.5777213882635788,0.6402897058679123,-0.06850731372833252,0.472268272576925,0.5576633543541389,-0.0795435830950737,0.6383472795187128,0.5304569480418553,-0.014321967028081417,0.6156664262858373,0.4074813661376158,-0.04996088519692421,0.5822127822889185,0.4821146696997972,-0.07720811665058136,0.5666276048115534,0.5553208322603921,-0.08957239985466003,0.5418228588109987,0.5061816389292896,-0.014688316732645035,0.5420491696567207,0.2913935895320142,-0.04084794595837593,0.5316567753326538,0.1636281533721063,-0.06447747349739075,0.5320498415383814,0.045454545454545504,-0.07844454050064087,0.4502066446617777,0.5393558178611488,-0.021385639905929565,0.42433771420499006,0.4321407939080155,-0.05998969450592995,0.4218675650846874,0.5431770324883856,-0.0711633488535881,0.428087585533016,0.6308950366300305,-0.06749985367059708,0.37004928529868,0.6086388576337574,-0.030750442296266556,0.3466669670709853,0.5284599236321239,-0.0564635805785656,0.37346025935957883,0.6026890085600421,-0.05220477283000946,0.4019915096950378,0.6722543868550626,-0.04226754978299141
1,0.4547327151108359,0.9545454545454544,-4.300555076497403e-7,0.6223191887443679,0.89116550319399,-0.042238399386405945,0.7305632643150227,0.7274938371307781,-0.057841669768095016,0.6359953952594869,0.5704350035474562,-0.06951579451560974,0.4839221388906528,0.5433755643937663,-0.07250043749809265,0.7086968785223348,0.4539151606983999,-0.024254966527223587,0.6472184025544315,0.340671572358738,-0.058635059744119644,0.6320230287712701,0.5121992013519036,-0.08160549402236938,0.6494765265790365,0.5801077791358229,-0.09218398481607437,0.5792282425363632,0.4330877240934067,-0.014696544967591763,0.524879263963594,0.3355134086613583,-0.043069567531347275,0.5105052641760305,0.5347462628168694,-0.05270354822278023,0.539032641919611,0.5740646682329982,-0.054857026785612106,0.4564686225660889,0.43121891545505453,-0.01242028083652258,0.4106929325397442,0.3278096761492338,-0.0382147952914238,0.4110271150358101,0.49744909956621847,-0.037629202008247375,0.4355471012213538,0.6092716337119631,-0.03037537820637226,0.3393823417402629,0.44014495971433737,-0.014375411905348301,0.314770640423438,0.24163710419317014,-0.0245949886739254,0.2827718088525455,0.13346561198643833,-0.025652838870882988,0.26943673568497717,0.04545454545454552,-0.023933833464980125
10,0.4511151641934913,0.9545454545454546,-4.260763262209366e-7,0.6417584555430758,0.8195173660216117,-0.030049480497837067,0.7163902870196022,0.6093885727644953,-0.03918176889419556,0.539869782271179,0.4037272694125325,-0.04616766422986984,0.35321631159263095,0.32742532881410746,-0.04701812192797661,0.752696153021524,0.3140189594042463,-0.0029715371783822775,0.7122113167268314,0.12813521618378376,-0.02494673803448677,0.6628309019785886,0.32104646869348086,-0.04094342887401581,0.6912633138726306,0.40931384162080137,-0.050865430384874344,0.5841117285843895,0.27342522053259294,-0.0003942222392652184,0.5702676401430469,0.054180241665361895,-0.020896943286061287,0.5195760037042475,0.2724995630717399,-0.03221612051129341,0.5416925283205737,0.36147434056330174,-0.036205168813467026,0.42620530292143655,0.2839166983679324,-0.003358798800036311,0.3969386452919506,0.045454545454545456,-0.023043334484100342,0.3910627590891062,0.22709789097377384,-0.024582257494330406,0.4180856192204498,0.3484587205323655,-0.021099433302879333,0.2767030364443268,0.3537418965162795,-0.009218345396220684,0.247303846978476,0.16405829107202013,-0.018679680302739143,0.28016515624641963,0.26046328629456955,-0.01434639934450388,0.321739942682725,0.36900244062374055,-0.008722245693206787
3,0.3931477742744332,0.9545454545454546,-2.384056756454811e-7,0.6221316705362216,0.8942944971551077,-0.02351207658648491,0.7909543591611137,0.6965698937408465,-0.030619874596595764,0.7471672152882981,0.5494648832597671,-0.03848612681031227,0.5661021235022107,0.5882954577173987,-0.04364361613988876,0.6404797137741691,0.3549188118931705,-0.0038220668211579323,0.6327073119266466,0.08889188081844358,-0.0271743256598711,0.6257166723176072,0.20533077912122896,-0.046764109283685684,0.6178941700186796,0.3364590728436489,-0.05699240788817406,0.4904014258545093,0.340978483287563,-0.004133574664592743,0.47562190113255,0.045454545454545456,-0.025700759142637253,0.4743843549173235,0.18965509206348338,-0.04256011173129082,0.48070688006509327,0.328172368716159,-0.04949454590678215,0.35881324089431343,0.35506154938053397,-0.008814319968223572,0.3356295281129574,0.09268705101130363,-0.024660592898726463,0.35713086339842987,0.20042341550653214,-0.033762041479349136,0.3732406527034757,0.33847179341332617,-0.035690683871507645,0.23295494262533176,0.40022491036085794,-0.016425946727395058,0.2090456408388863,0.18680400225178756,-0.023425396531820297,0.23367923031999505,0.2306397826017789,-0.02433554269373417,0.25662436952323175,0.3294078409678939,-0.023577088490128517
17,0.4648410031278936,0.9545454545454545,-2.7855551820721303e-7,0.5935050010772024,0.9031488727283259,-0.026932615786790848,0.676930618634579,0.7802634751894353,-0.043483927845954895,0.6469646069254043,0.637393361115444,-0.05887959152460098,0.5820373649412759,0.52055874700132,-0.07184642553329468,0.7197089733466091,0.5544523556327786,-0.006008421536535025,0.738383828446928,0.43235068220988243,-0.02957690693438053,0.6912556685346374,0.44355921893003275,-0.05010445415973663,0.6504879261723115,0.4840979375917813,-0.06342385709285736,0.6206310879843876,0.4953873607618391,-0.007717418018728495,0.6432353065688229,0.34830359924083,-0.03762730956077576,0.5882483313602079,0.4196987098983874,-0.057038381695747375,0.5530578896874824,0.48615130073783297,-0.06307128816843033,0.5168945140854861,0.4736334767154964,-0.015522979199886322,0.5427663420915687,0.2773553514398248,-0.039546869695186615,0.5216927610069367,0.15309329434685948,-0.06181769445538521,0.5054805814292688,0.04545454545454551,-0.0747845247387886,0.4117269367741364,0.49463275179304717,-0.024993466213345528,0.3540645919982328,0.35908186774464257,-0.04207364097237587,0.30454547897369233,0.27667516992924,-0.05449202284216881,0.2616161715530719,0.1934041596552449,-0.06334550678730011
4,0.5673989902744349,0.9545454545454546,2.841916852958093e-7,0.722955401250492,0.7163429846528984,0.007587725762277842,0.7593787683984993,0.4954947754598945,0.011938129551708698,0.7684455130056654,0.30466938229670687,0.008309395052492619,0.7176829836447376,0.12314025997959906,0.00583859346807003,0.40775393741542526,0.42728760710956865,0.054765358567237854,0.4239589039327252,0.2325534123029677,0.05124262720346451,0.5406191868902662,0.13671751929432463,0.03878261521458626,0.6407590108098892,0.09011505544045008,0.030497681349515915,0.3401069922834563,0.42230729838128434,0.04220748692750931,0.32893239381758094,0.17248433720776968,0.03490108996629715,0.4807343894966417,0.07732424506152029,0.018690023571252823,0.6286502884049542,0.06013729280146008,0.009271621704101562,0.27497027615267183,0.4286195075210794,0.025392988696694374,0.2700677884602931,0.15370096767887306,0.016308920457959175,0.44860071604872787,0.05235848124775167,0.004619501996785402,0.6104129473066834,0.045454545454545456,-0.0008694693678990006,0.2315544869943346,0.43538805405676884,0.00790574960410595,0.26584787236587853,0.1851464781569669,0.0004016071616206318,0.41774313110933897,0.09148696937194893,-0.003473800141364336,0.5665407528754035,0.07394394260100266,-0.004505339544266462
24,0.614189209337265,0.9545454545454545,8.409144669485613e-8,0.6960592345559383,0.8349762264145004,-0.03428339585661888,0.6844075695936581,0.664985214644334,-0.04749655723571777,0.5890866949617883,0.5418707661479056,-0.05935962498188019,0.47925695345483643,0.4632945137364896,-0.06985047459602356,0.6406882275101865,0.4729898172342744,-0.014718177728354931,0.6301007616848502,0.2691813279467525,-0.03286690637469292,0.6189086804874744,0.14631429505061055,-0.04599153995513916,0.6092081265285023,0.04545454545454551,-0.05626106262207031,0.5356012573132788,0.49755921166863326,-0.010739842429757118,0.45022796588597647,0.37005859724208107,-0.04444225877523422,0.46356112571633384,0.46981585400739206,-0.060023605823516846,0.4981632896113908,0.5510092730965772,-0.06250245124101639,0.452454636942841,0.549696766771598,-0.010413387790322304,0.3620708601241273,0.43528849432445776,-0.043999604880809784,0.3929087009177124,0.5190403244587676,-0.04776214435696602,0.4356259776237995,0.6007493487430723,-0.04134369269013405,0.3913926054835645,0.6213511776953596,-0.01301396731287241,0.30394076544406157,0.5351045958811882,-0.038267262279987335,0.33479770602853165,0.5745166973633641,-0.04001573473215103,0.3860510834675618,0.6302962101025459,-0.03461538255214691
32,0.04759885137282978,0.875672708731676,1.3826681311002176e-7,0.051327461663794184,0.6613298046452608,0.0033955988474190235,0.10256610308244449,0.4417775736811034,-0.016351716592907906,0.11537083842351403,0.252294425707615,-0.03524768352508545,0.04545454545454545,0.10639204176703533,-0.057304397225379944,0.2861157096793587,0.43145994520444875,-0.05859610065817833,0.6022344821671707,0.3919129360547035,-0.09049710631370544,0.8021344338910374,0.36320544432202634,-0.11304310709238052,0.9545454545454544,0.3546141331100074,-0.12603837251663208,0.3880570910375712,0.5909091102841444,-0.06399773806333542,0.6369783780603233,0.5529375554826531,-0.0849388986825943,0.5415471146700364,0.5913458364895087,-0.07609272748231888,0.4051769382883496,0.6310082709578279,-0.06693341583013535,0.4511968653033482,0.7547615375168434,-0.06536772102117538,0.6405689879704067,0.6969065653371203,-0.07938068360090256,0.5532601469980056,0.7305872457957983,-0.057656679302453995,0.42970600598857644,0.7664873323800373,-0.040668901056051254,0.49960779891752494,0.8936079582329646,-0.06419345736503601,0.6175671244852635,0.8226879874938453,-0.06650285422801971,0.5218694603597105,0.8569019194242975,-0.042273737490177155,0.4256785948729218,0.8860091247601842,-0.023191843181848526
27,0.41203222201480943,0.045454545454545456,1.1216736428565355e-9,0.5673265100443455,0.1712725012041009,-0.00258357054553926,0.6449050321330423,0.30792427317058163,-0.025079164654016495,0.7432168481410233,0.4322994702096053,-0.0468013733625412,0.8431054819283341,0.504721780529071,-0.07091265171766281,0.4737810312833023,0.4770182620031617,-0.058857012540102005,0.38339935173143,0.7073991800936462,-0.08213517814874649,0.33006915640790696,0.8482486304681875,-0.09276963025331497,0.28679281651400373,0.9545454545454546,-0.0981113538146019,0.33348746172273935,0.46085953556789333,-0.05812191590666771,0.3349175634042117,0.6079086053329095,-0.06571794301271439,0.3854116853921945,0.5636138088883629,-0.04787951707839966,0.4120667922546439,0.49133391931445514,-0.03643646091222763,0.2329443441548823,0.40610035345313256,-0.05405435711145401,0.26434345588933633,0.5267312694220847,-0.05684773996472359,0.295671422070211,0.4876051559607893,-0.03486824780702591,0.314559010884733,0.4171507565439007,-0.021746709942817688,0.1568945180716659,0.35499160717113265,-0.0488351471722126,0.19984057389419058,0.4467343689206478,-0.0424397774040699,0.23191249163630304,0.3999695720527281,-0.020950352773070335,0.24378647019320776,0.3388998908245034,-0.00586854899302125
39,0.5159572720167335,0.9545454545454545,6.432510986087436e-7,0.6096105654882141,0.8796061056132842,-0.046871084719896317,0.6255697884276396,0.7379862262700678,-0.06549875438213348,0.4986162705630007,0.6455435272261133,-0.08013144880533218,0.3786750441725712,0.5841037285523308,-0.09179114550352097,0.6188420315245001,0.48615502387190745,-0.027662768959999084,0.6568510329411091,0.2986770324254185,-0.04882211238145828,0.6744734925108978,0.17575649383963102,-0.06563811004161835,0.6862591665638562,0.06991744178208689,-0.0779016986489296,0.5049234535550517,0.47069831359663167,-0.021449679508805275,0.47289087869872254,0.27747960081701833,-0.04568653926253319,0.44148139853600227,0.1544329885419825,-0.0661955401301384,0.41693398880021243,0.045454545454545504,-0.07878430932760239,0.4146736947906289,0.5074307081150135,-0.02035803161561489,0.3918570536245384,0.3826235381814822,-0.058809515088796616,0.40359778142009417,0.48245224763810207,-0.07102665305137634,0.4081245973847778,0.5707423655248098,-0.06875045597553253,0.3460254524971733,0.5742880455847343,-0.022912949323654175,0.3137408334361437,0.4791331372346507,-0.05597588047385216,0.338615623006738,0.540668578017518,-0.06145733967423439,0.36241740509676773,0.6078277832560718,-0.05769464746117592
5,0.5730861103266408,0.9545454545454544,4.627997327588673e-7,0.6808494289869572,0.8341564702947789,-0.03183305636048317,0.7023463190913178,0.628424685298353,-0.043433237820863724,0.6147900360139262,0.4839629117576259,-0.05349186807870865,0.5529284129528375,0.3601965393928739,-0.061739176511764526,0.5667161185011474,0.48061533773119447,-0.01674511283636093,0.5371553807722682,0.2810374720296221,-0.036168672144412994,0.5141959524145463,0.15126675357531877,-0.04721004143357277,0.49411530130208864,0.04545454545454552,-0.05322209745645523,0.4653365563116228,0.5220791418626739,-0.014577304013073444,0.4326547299517395,0.35146850294230103,-0.04890574887394905,0.4659465803646198,0.3104652334530293,-0.06308802962303162,0.4995963115552584,0.3063317842090927,-0.06355049461126328,0.3743017507295369,0.5884167940674249,-0.016118856146931648,0.3832437648479302,0.490570025295368,-0.060544468462467194,0.48511778169843356,0.6128201024336636,-0.06146940216422081,0.5524989381433649,0.7173133011288563,-0.04747981205582619,0.297653680908682,0.6774854005113673,-0.019616253674030304,0.33489991727800106,0.5970213509239735,-0.054031409323215485,0.43040117149778867,0.6842705438709498,-0.05175761878490448,0.48582371136445124,0.7635271480470708,-0.039926204830408096
38,0.5331475455808962,0.9545454545454545,6.367828291331534e-7,0.6473808546444201,0.8595546174366616,-0.030878601595759392,0.6745344279889691,0.7200728658771456,-0.04152480512857437,0.5625763022559495,0.6450445513773372,-0.05332319810986519,0.43252054282872027,0.5997964581843775,-0.06406157463788986,0.636100772071781,0.4806856001118036,-0.0021617901511490345,0.5946456001685956,0.31292482944559546,-0.019034123048186302,0.5531859336622995,0.20359648932683505,-0.034842122346162796,0.5060714470052189,0.09577565051831097,-0.04797704890370369,0.5354473349589379,0.4667293860915598,-0.005513212643563747,0.5633588964551818,0.27560110243510827,-0.026454204693436623,0.5776934046501531,0.1581719353494651,-0.04438222572207451,0.5859957745721944,0.045454545454545504,-0.05548930540680885,0.44346025444037723,0.5081904285939352,-0.014552117325365543,0.4072809847918429,0.36418000254689736,-0.05512060597538948,0.4257423004394386,0.5044191899551836,-0.06429201364517212,0.44948393676508225,0.6114842641074076,-0.05866933986544609,0.36390996926785607,0.595267355185966,-0.0259241983294487,0.32546557201103077,0.49347887842828103,-0.05926847830414772,0.36127247521881295,0.577548944106745,-0.060328491032123566,0.40084943627978364,0.6582264033686646,-0.054106682538986206
17,0.47283388752768263,0.9545454545454545,-1.3208169491463195e-7,0.5831618039845515,0.9219702261744568,-0.030497901141643524,0.6705224415327816,0.8246863901678929,-0.053548865020275116,0.6947348598666347,0.7216451722943461,-0.07642708718776703,0.6710292625729732,0.624153140092849,-0.09527475386857986,0.7170249753937727,0.5609309586544737,-0.011487094685435295,0.7594590611869021,0.43400414841328216,-0.03829031437635422,0.7405700723480673,0.46863398932437106,-0.056120745837688446,0.7159470658819029,0.5400981849469921,-0.0657557025551796,0.6022705134137566,0.5159859426307719,-0.01469234935939312,0.6311254965954393,0.37062733398285186,-0.05558333918452263,0.6125877073985629,0.5037153320745633,-0.07247329503297806,0.6109708431307583,0.5960317015046485,-0.07109139859676361,0.49341460714482344,0.49604434327223956,-0.024912698194384575,0.4943494290899934,0.30735272495720706,-0.05400949716567993,0.4797200082199853,0.1750576704642899,-0.072511687874794,0.47150227307685566,0.04545454545454551,-0.07999701052904129,0.3887963136096149,0.5191954762449396,-0.03758016973733902,0.32764534783212895,0.36312186115550016,-0.05232049897313118,0.27871739138991897,0.27108949026223106,-0.06038162112236023,0.24054093881309774,0.17150144286824104,-0.06544860452413559
23,0.503438122898582,0.045454545454545456,4.6735692649235716e-7,0.6658202371605773,0.15633108143323418,-0.023056471720337868,0.7662152450316744,0.2973610824944662,-0.044632475823163986,0.8439847858596428,0.4332226596966694,-0.06033514440059662,0.9218898978454292,0.5314336127301986,-0.07708142697811127,0.5729437478032066,0.4480491693535339,-0.07314968854188919,0.6185470274950013,0.6836926303804826,-0.09843900054693222,0.638039441595836,0.8159432271014861,-0.11067106574773788,0.6445380049669657,0.9276797817215837,-0.11804912984371185,0.44722878741454813,0.44415954048006195,-0.07140225172042847,0.43470180332497926,0.6891910253763291,-0.09513828158378601,0.4195291951397083,0.8366436621187933,-0.10766158998012543,0.39862154361556407,0.9545454545454546,-0.11736956983804703,0.3539221645790823,0.41292273028328264,-0.06751905381679535,0.31607411273363606,0.6206598312377206,-0.09329376369714737,0.2749372230935958,0.7554280261808416,-0.11047690361738205,0.23775336536786565,0.8559112162941159,-0.12173816561698914,0.29321995213328317,0.3748401168102529,-0.06285922229290009,0.2089358512345866,0.5095703587994244,-0.0880514457821846,0.1417745269730949,0.5782562661160132,-0.10008935630321503,0.07811010215457077,0.6356431712828065,-0.10688494890928268
31,0.04545454545454545,0.5532697031385666,4.672298530294938e-7,0.1684185107771561,0.3898355665639771,0.0003185441892128438,0.36768205358621237,0.34982326055106455,-0.0054829735308885574,0.5264789328246606,0.4057943168054122,-0.00831726472824812,0.6244216838544421,0.4623017252335952,-0.012681570835411549,0.3923113101267868,0.3119479171059816,-0.04402431473135948,0.6444761854280987,0.3341163249090998,-0.055381543934345245,0.7877017491145463,0.35196350003175375,-0.05750851705670357,0.8992860576106511,0.36250011333298,-0.05762891098856926,0.3978133237410213,0.44930931958940357,-0.050766415894031525,0.6703993046011425,0.4433980918664623,-0.06445127725601196,0.8344348957106841,0.4470992034035094,-0.06922692805528641,0.9545454545454545,0.44503710214072767,-0.07259798049926758,0.4025946831919621,0.5794954367526894,-0.05353549122810364,0.6717781720967761,0.5709293096152808,-0.07199600338935852,0.8192853224334561,0.5575091976123479,-0.08251047879457474,0.9208073853800496,0.5448744370068835,-0.0879683643579483,0.4055523765341285,0.6880520828940184,-0.053334835916757584,0.5939910915559812,0.6332379153402434,-0.06244470179080963,0.5784038581048936,0.598077378815147,-0.057548653334379196,0.5293316008532649,0.592412934938131,-0.053495366126298904
21,0.04545454545454545,0.6545347538452155,6.758988888577733e-7,0.1395539192968386,0.46731144619480813,-0.00766906701028347,0.3460752471163348,0.3843032800407057,-0.02274242788553238,0.5316615077671146,0.4037339826512893,-0.03576729819178581,0.6655143839087782,0.4295883172553885,-0.047603026032447815,0.3401980624534378,0.33351383209925245,-0.0548122264444828,0.5929198275638283,0.30273701251483526,-0.07339263707399368,0.7385812872397511,0.2873078310182667,-0.08115925639867783,0.8575313608467008,0.27725979695621755,-0.08576719462871552,0.3601318524174074,0.47026622875678886,-0.06012622267007828,0.6421473311297338,0.4603392541110794,-0.07714588940143585,0.8166390868206106,0.4635078126364609,-0.08071331679821014,0.9545454545454544,0.47441279565752753,-0.08546991646289825,0.38195348134808443,0.6059256567210808,-0.06220722943544388,0.6590681778477883,0.5664887836224106,-0.07391288876533508,0.6074518778056934,0.5375570181992178,-0.06205858290195465,0.5185916010601092,0.5335466815815573,-0.0529913455247879,0.4109295634698358,0.7227402030437824,-0.0648828074336052,0.6319237159253107,0.655298729992531,-0.06997384130954742,0.5916345407997772,0.6198095624332965,-0.05811953917145729,0.5128757833941733,0.6158326427248035,-0.048494886606931686
33,0.5155834457512224,0.9545454545454545,3.460517916664685e-7,0.6565410688207011,0.8760163279589802,-0.032284997403621674,0.7694778003015168,0.7571350756903488,-0.05087079480290413,0.8060325746211922,0.6343671616296646,-0.0695401281118393,0.7619089041066939,0.5333420343593194,-0.0856199786067009,0.6586040209387056,0.509730206007719,-0.012665491551160812,0.6856089327835031,0.378832863041089,-0.04665244370698929,0.7111792577582103,0.39729148477188814,-0.07438496500253677,0.7283065290703595,0.4588223468697257,-0.08712354302406311,0.5566756237899221,0.4769478753066626,-0.011945030651986599,0.5856367904575699,0.29070995225720125,-0.02750280499458313,0.6106948692391201,0.1707849766751712,-0.04161966219544411,0.6374633279766858,0.04545454545454551,-0.05149728059768677,0.4589116443857006,0.4878719406769816,-0.019076548516750336,0.4540956375822728,0.3206806780288098,-0.03573067486286163,0.45513029555131645,0.20222749596951306,-0.04986841231584549,0.4652310003749184,0.09632502748042923,-0.05888983979821205,0.3558187508087818,0.5440733565619688,-0.030280234292149544,0.2829994584828172,0.41567186560756236,-0.04435532167553902,0.23266916250628186,0.32366145623060444,-0.05124668776988983,0.19396742537880782,0.23441527954772173,-0.055339742451906204
8,0.44498989349956486,0.9545454545454545,3.724636030710826e-7,0.5456099244097116,0.849510158611354,-0.033527422696352005,0.5861527940072065,0.6751572321602104,-0.041286684572696686,0.47010898701119797,0.5480675441982681,-0.04536184296011925,0.35266067997110645,0.513552059903035,-0.047872792929410934,0.6376988407646108,0.4973596696254538,-0.006112734321504831,0.6473393200288935,0.31334475992019656,-0.016681384295225143,0.6392326580579726,0.1964068834020506,-0.030687162652611732,0.6294041994857663,0.09069516504672863,-0.042686231434345245,0.540996044863869,0.46511919773455734,-0.0019076569005846977,0.5643917774526531,0.27591323357478736,-0.009061047807335854,0.5712046585835108,0.15561886071614195,-0.023565927520394325,0.5828381704269008,0.04545454545454551,-0.03562674671411514,0.44770338306558183,0.4722131027163554,-0.0031284026335924864,0.46567039838726093,0.29320798170439893,-0.012153432704508305,0.4780138515003814,0.18162795542751198,-0.02634444460272789,0.4901703681866209,0.08673391176665185,-0.03690280392765999,0.35328684313041697,0.5125112972125814,-0.008340692147612572,0.36295921717325164,0.3706179943264208,-0.016084518283605576,0.3746485231524192,0.28309777143719145,-0.021651841700077057,0.38991013123616125,0.2042477519305904,-0.026632586494088173
44,0.46285443764255335,0.9545454545454546,2.9920687438789173e-7,0.6667200463571612,0.7569140986613738,0.00020063461852259934,0.7730518475259955,0.5483237676948824,0.0029630667995661497,0.8272471378371721,0.361752754596955,-0.0003414741950109601,0.7608487889794061,0.2034846837623299,-0.0035580522380769253,0.4451807212518611,0.3961279038914029,0.04753557965159416,0.48900438515087313,0.22633567045334485,0.04294964671134949,0.5894305789868428,0.1402767582345538,0.02843279391527176,0.6711250223336586,0.11188965574808224,0.019039534032344818,0.3611851336948413,0.367330637640713,0.03867998346686363,0.38446786302596564,0.14561139007565754,0.03176945447921753,0.5082607726032937,0.06919883503479336,0.01204993762075901,0.6301297815647305,0.08722679956848645,-0.00012113438424421474,0.2657248449394818,0.3598327126282227,0.02558634988963604,0.27986445768363666,0.11962426183428052,0.019798584282398224,0.41894901213887636,0.045454545454545456,0.006123803555965424,0.5499466764510834,0.06877310632223799,-0.0015190906124189496,0.1792038249608216,0.37758175954498163,0.010927174240350723,0.17275286216282798,0.15602168117523213,0.006258218549191952,0.2886407594523985,0.07313457692108302,0.0015526944771409035,0.428316138836586,0.07566384191794202,-0.0005129525670781732